text,label
"DevOps engineer skilled in AWS, Docker, and Kubernetes. [SEP] Opening for a data scientist with skills in Python, ML, and visualization tools.",0
"Frontend developer proficient in HTML, CSS, JavaScript, and Vue.js. [SEP] Hiring mobile developers skilled in cross-platform tools like Flutter.",0
Experienced React developer with 3+ years in frontend development. [SEP] Cybersecurity analyst needed with hands-on experience in system hardening.,1
Full-stack developer with experience in MERN stack. [SEP] Frontend engineer role with emphasis on responsive UI and CSS frameworks.,0
Experienced React developer with 3+ years in frontend development. [SEP] Cybersecurity analyst needed with hands-on experience in system hardening.,1
Experienced React developer with 3+ years in frontend development. [SEP] Cybersecurity analyst needed with hands-on experience in system hardening.,1
"Software engineer familiar with Git, CI/CD pipelines, and testing frameworks. [SEP] Hiring for a software developer with strong testing and version control experience.",0
Experienced React developer with 3+ years in frontend development. [SEP] Cybersecurity analyst needed with hands-on experience in system hardening.,1
Mobile app developer with React Native and Flutter expertise. [SEP] Machine learning engineer needed with NLP and deep learning experience.,1
"Backend engineer with Node.js, Express, and PostgreSQL skills. [SEP] Hiring frontend developer with strong React and TypeScript knowledge.",0
Cybersecurity specialist with knowledge in threat modeling and penetration testing. [SEP] Backend developer experienced in Node.js and PostgreSQL.,0
Experienced React developer with 3+ years in frontend development. [SEP] Cybersecurity analyst needed with hands-on experience in system hardening.,1
"AI/ML engineer with NLP and deep learning experience. [SEP] DevOps role for candidates experienced in CI/CD, AWS, and Docker.",0
Experienced React developer with 3+ years in frontend development. [SEP] Cybersecurity analyst needed with hands-on experience in system hardening.,1
"DevOps engineer skilled in AWS, Docker, and Kubernetes. [SEP] Opening for a data scientist with skills in Python, ML, and visualization tools.",0
Mobile app developer with React Native and Flutter expertise. [SEP] Machine learning engineer needed with NLP and deep learning experience.,1
Full-stack developer with experience in MERN stack. [SEP] Frontend engineer role with emphasis on responsive UI and CSS frameworks.,0
"Backend engineer with Node.js, Express, and PostgreSQL skills. [SEP] Hiring frontend developer with strong React and TypeScript knowledge.",0
"AI/ML engineer with NLP and deep learning experience. [SEP] DevOps role for candidates experienced in CI/CD, AWS, and Docker.",0
Mobile app developer with React Native and Flutter expertise. [SEP] Machine learning engineer needed with NLP and deep learning experience.,1
"Backend engineer with Node.js, Express, and PostgreSQL skills. [SEP] Hiring frontend developer with strong React and TypeScript knowledge.",0
"DevOps engineer skilled in AWS, Docker, and Kubernetes. [SEP] Opening for a data scientist with skills in Python, ML, and visualization tools.",0
"Backend engineer with Node.js, Express, and PostgreSQL skills. [SEP] Hiring frontend developer with strong React and TypeScript knowledge.",0
"AI/ML engineer with NLP and deep learning experience. [SEP] DevOps role for candidates experienced in CI/CD, AWS, and Docker.",0
"AI/ML engineer with NLP and deep learning experience. [SEP] DevOps role for candidates experienced in CI/CD, AWS, and Docker.",0
"DevOps engineer skilled in AWS, Docker, and Kubernetes. [SEP] Opening for a data scientist with skills in Python, ML, and visualization tools.",0
"Software engineer familiar with Git, CI/CD pipelines, and testing frameworks. [SEP] Hiring for a software developer with strong testing and version control experience.",0
"DevOps engineer skilled in AWS, Docker, and Kubernetes. [SEP] Opening for a data scientist with skills in Python, ML, and visualization tools.",0
"DevOps engineer skilled in AWS, Docker, and Kubernetes. [SEP] Opening for a data scientist with skills in Python, ML, and visualization tools.",0
Experienced React developer with 3+ years in frontend development. [SEP] Cybersecurity analyst needed with hands-on experience in system hardening.,1
Full-stack developer with experience in MERN stack. [SEP] Frontend engineer role with emphasis on responsive UI and CSS frameworks.,0
"AI/ML engineer with NLP and deep learning experience. [SEP] DevOps role for candidates experienced in CI/CD, AWS, and Docker.",0
"Backend engineer with Node.js, Express, and PostgreSQL skills. [SEP] Hiring frontend developer with strong React and TypeScript knowledge.",0
"Frontend developer proficient in HTML, CSS, JavaScript, and Vue.js. [SEP] Hiring mobile developers skilled in cross-platform tools like Flutter.",0
"Data scientist with Python, Pandas, and machine learning background. [SEP] We need a full-stack engineer with MERN experience and API integration skills.",0
"Frontend developer proficient in HTML, CSS, JavaScript, and Vue.js. [SEP] Hiring mobile developers skilled in cross-platform tools like Flutter.",0
Cybersecurity specialist with knowledge in threat modeling and penetration testing. [SEP] Backend developer experienced in Node.js and PostgreSQL.,0
"Backend engineer with Node.js, Express, and PostgreSQL skills. [SEP] Hiring frontend developer with strong React and TypeScript knowledge.",0
Cybersecurity specialist with knowledge in threat modeling and penetration testing. [SEP] Backend developer experienced in Node.js and PostgreSQL.,0
"Frontend developer proficient in HTML, CSS, JavaScript, and Vue.js. [SEP] Hiring mobile developers skilled in cross-platform tools like Flutter.",0
Experienced React developer with 3+ years in frontend development. [SEP] Cybersecurity analyst needed with hands-on experience in system hardening.,1
"Frontend developer proficient in HTML, CSS, JavaScript, and Vue.js. [SEP] Hiring mobile developers skilled in cross-platform tools like Flutter.",0
Full-stack developer with experience in MERN stack. [SEP] Frontend engineer role with emphasis on responsive UI and CSS frameworks.,0
Full-stack developer with experience in MERN stack. [SEP] Frontend engineer role with emphasis on responsive UI and CSS frameworks.,0
"Frontend developer proficient in HTML, CSS, JavaScript, and Vue.js. [SEP] Hiring mobile developers skilled in cross-platform tools like Flutter.",0
"Software engineer familiar with Git, CI/CD pipelines, and testing frameworks. [SEP] Hiring for a software developer with strong testing and version control experience.",0
"Backend engineer with Node.js, Express, and PostgreSQL skills. [SEP] Hiring frontend developer with strong React and TypeScript knowledge.",0
"DevOps engineer skilled in AWS, Docker, and Kubernetes. [SEP] Opening for a data scientist with skills in Python, ML, and visualization tools.",0
Full-stack developer with experience in MERN stack. [SEP] Frontend engineer role with emphasis on responsive UI and CSS frameworks.,0
"Data scientist with Python, Pandas, and machine learning background. [SEP] We need a full-stack engineer with MERN experience and API integration skills.",0
"Data scientist with Python, Pandas, and machine learning background. [SEP] We need a full-stack engineer with MERN experience and API integration skills.",0
"Data scientist with Python, Pandas, and machine learning background. [SEP] We need a full-stack engineer with MERN experience and API integration skills.",0
"DevOps engineer skilled in AWS, Docker, and Kubernetes. [SEP] Opening for a data scientist with skills in Python, ML, and visualization tools.",0
"Backend engineer with Node.js, Express, and PostgreSQL skills. [SEP] Hiring frontend developer with strong React and TypeScript knowledge.",0
"Frontend developer proficient in HTML, CSS, JavaScript, and Vue.js. [SEP] Hiring mobile developers skilled in cross-platform tools like Flutter.",0
Full-stack developer with experience in MERN stack. [SEP] Frontend engineer role with emphasis on responsive UI and CSS frameworks.,0
Mobile app developer with React Native and Flutter expertise. [SEP] Machine learning engineer needed with NLP and deep learning experience.,1
Mobile app developer with React Native and Flutter expertise. [SEP] Machine learning engineer needed with NLP and deep learning experience.,1
Experienced React developer with 3+ years in frontend development. [SEP] Cybersecurity analyst needed with hands-on experience in system hardening.,1
Mobile app developer with React Native and Flutter expertise. [SEP] Machine learning engineer needed with NLP and deep learning experience.,1
Experienced React developer with 3+ years in frontend development. [SEP] Cybersecurity analyst needed with hands-on experience in system hardening.,1
"Data scientist with Python, Pandas, and machine learning background. [SEP] We need a full-stack engineer with MERN experience and API integration skills.",0
"Frontend developer proficient in HTML, CSS, JavaScript, and Vue.js. [SEP] Hiring mobile developers skilled in cross-platform tools like Flutter.",0
"Frontend developer proficient in HTML, CSS, JavaScript, and Vue.js. [SEP] Hiring mobile developers skilled in cross-platform tools like Flutter.",0
Cybersecurity specialist with knowledge in threat modeling and penetration testing. [SEP] Backend developer experienced in Node.js and PostgreSQL.,0
Cybersecurity specialist with knowledge in threat modeling and penetration testing. [SEP] Backend developer experienced in Node.js and PostgreSQL.,0
"DevOps engineer skilled in AWS, Docker, and Kubernetes. [SEP] Opening for a data scientist with skills in Python, ML, and visualization tools.",0
"AI/ML engineer with NLP and deep learning experience. [SEP] DevOps role for candidates experienced in CI/CD, AWS, and Docker.",0
Mobile app developer with React Native and Flutter expertise. [SEP] Machine learning engineer needed with NLP and deep learning experience.,1
"DevOps engineer skilled in AWS, Docker, and Kubernetes. [SEP] Opening for a data scientist with skills in Python, ML, and visualization tools.",0
"Data scientist with Python, Pandas, and machine learning background. [SEP] We need a full-stack engineer with MERN experience and API integration skills.",0
"DevOps engineer skilled in AWS, Docker, and Kubernetes. [SEP] Opening for a data scientist with skills in Python, ML, and visualization tools.",0
"Software engineer familiar with Git, CI/CD pipelines, and testing frameworks. [SEP] Hiring for a software developer with strong testing and version control experience.",0
"Backend engineer with Node.js, Express, and PostgreSQL skills. [SEP] Hiring frontend developer with strong React and TypeScript knowledge.",0
"Software engineer familiar with Git, CI/CD pipelines, and testing frameworks. [SEP] Hiring for a software developer with strong testing and version control experience.",0
Experienced React developer with 3+ years in frontend development. [SEP] Cybersecurity analyst needed with hands-on experience in system hardening.,1
Mobile app developer with React Native and Flutter expertise. [SEP] Machine learning engineer needed with NLP and deep learning experience.,1
Cybersecurity specialist with knowledge in threat modeling and penetration testing. [SEP] Backend developer experienced in Node.js and PostgreSQL.,0
Full-stack developer with experience in MERN stack. [SEP] Frontend engineer role with emphasis on responsive UI and CSS frameworks.,0
Full-stack developer with experience in MERN stack. [SEP] Frontend engineer role with emphasis on responsive UI and CSS frameworks.,0
Experienced React developer with 3+ years in frontend development. [SEP] Cybersecurity analyst needed with hands-on experience in system hardening.,1
"Data scientist with Python, Pandas, and machine learning background. [SEP] We need a full-stack engineer with MERN experience and API integration skills.",0
"Software engineer familiar with Git, CI/CD pipelines, and testing frameworks. [SEP] Hiring for a software developer with strong testing and version control experience.",0
"Data scientist with Python, Pandas, and machine learning background. [SEP] We need a full-stack engineer with MERN experience and API integration skills.",0
"DevOps engineer skilled in AWS, Docker, and Kubernetes. [SEP] Opening for a data scientist with skills in Python, ML, and visualization tools.",0
"Backend engineer with Node.js, Express, and PostgreSQL skills. [SEP] Hiring frontend developer with strong React and TypeScript knowledge.",0
"Backend engineer with Node.js, Express, and PostgreSQL skills. [SEP] Hiring frontend developer with strong React and TypeScript knowledge.",0
Experienced React developer with 3+ years in frontend development. [SEP] Cybersecurity analyst needed with hands-on experience in system hardening.,1
"Data scientist with Python, Pandas, and machine learning background. [SEP] We need a full-stack engineer with MERN experience and API integration skills.",0
Mobile app developer with React Native and Flutter expertise. [SEP] Machine learning engineer needed with NLP and deep learning experience.,1
"DevOps engineer skilled in AWS, Docker, and Kubernetes. [SEP] Opening for a data scientist with skills in Python, ML, and visualization tools.",0
"Data scientist with Python, Pandas, and machine learning background. [SEP] We need a full-stack engineer with MERN experience and API integration skills.",0
"Data scientist with Python, Pandas, and machine learning background. [SEP] We need a full-stack engineer with MERN experience and API integration skills.",0
Experienced React developer with 3+ years in frontend development. [SEP] Cybersecurity analyst needed with hands-on experience in system hardening.,1
"DevOps engineer skilled in AWS, Docker, and Kubernetes. [SEP] Opening for a data scientist with skills in Python, ML, and visualization tools.",0
"Software engineer familiar with Git, CI/CD pipelines, and testing frameworks. [SEP] Hiring for a software developer with strong testing and version control experience.",0
"AI/ML engineer with NLP and deep learning experience. [SEP] DevOps role for candidates experienced in CI/CD, AWS, and Docker.",0
Full-stack developer with experience in MERN stack. [SEP] Frontend engineer role with emphasis on responsive UI and CSS frameworks.,0
Mobile app developer with React Native and Flutter expertise. [SEP] Machine learning engineer needed with NLP and deep learning experience.,1
Full-stack developer with experience in MERN stack. [SEP] Frontend engineer role with emphasis on responsive UI and CSS frameworks.,0
Cybersecurity specialist with knowledge in threat modeling and penetration testing. [SEP] Backend developer experienced in Node.js and PostgreSQL.,0
"Frontend developer proficient in HTML, CSS, JavaScript, and Vue.js. [SEP] Hiring mobile developers skilled in cross-platform tools like Flutter.",0
Cybersecurity specialist with knowledge in threat modeling and penetration testing. [SEP] Backend developer experienced in Node.js and PostgreSQL.,0
"Data scientist with Python, Pandas, and machine learning background. [SEP] We need a full-stack engineer with MERN experience and API integration skills.",0
"Data scientist with Python, Pandas, and machine learning background. [SEP] We need a full-stack engineer with MERN experience and API integration skills.",0
"AI/ML engineer with NLP and deep learning experience. [SEP] DevOps role for candidates experienced in CI/CD, AWS, and Docker.",0
"DevOps engineer skilled in AWS, Docker, and Kubernetes. [SEP] Opening for a data scientist with skills in Python, ML, and visualization tools.",0
Cybersecurity specialist with knowledge in threat modeling and penetration testing. [SEP] Backend developer experienced in Node.js and PostgreSQL.,0
"DevOps engineer skilled in AWS, Docker, and Kubernetes. [SEP] Opening for a data scientist with skills in Python, ML, and visualization tools.",0
"Data scientist with Python, Pandas, and machine learning background. [SEP] We need a full-stack engineer with MERN experience and API integration skills.",0
"Software engineer familiar with Git, CI/CD pipelines, and testing frameworks. [SEP] Hiring for a software developer with strong testing and version control experience.",0
"Frontend developer proficient in HTML, CSS, JavaScript, and Vue.js. [SEP] Hiring mobile developers skilled in cross-platform tools like Flutter.",0
Full-stack developer with experience in MERN stack. [SEP] Frontend engineer role with emphasis on responsive UI and CSS frameworks.,0
Full-stack developer with experience in MERN stack. [SEP] Frontend engineer role with emphasis on responsive UI and CSS frameworks.,0
Experienced React developer with 3+ years in frontend development. [SEP] Cybersecurity analyst needed with hands-on experience in system hardening.,1
"DevOps engineer skilled in AWS, Docker, and Kubernetes. [SEP] Opening for a data scientist with skills in Python, ML, and visualization tools.",0
"Software engineer familiar with Git, CI/CD pipelines, and testing frameworks. [SEP] Hiring for a software developer with strong testing and version control experience.",0
"Software engineer familiar with Git, CI/CD pipelines, and testing frameworks. [SEP] Hiring for a software developer with strong testing and version control experience.",0
"Software engineer familiar with Git, CI/CD pipelines, and testing frameworks. [SEP] Hiring for a software developer with strong testing and version control experience.",0
"Data scientist with Python, Pandas, and machine learning background. [SEP] We need a full-stack engineer with MERN experience and API integration skills.",0
"Backend engineer with Node.js, Express, and PostgreSQL skills. [SEP] Hiring frontend developer with strong React and TypeScript knowledge.",0
"AI/ML engineer with NLP and deep learning experience. [SEP] DevOps role for candidates experienced in CI/CD, AWS, and Docker.",0
"Backend engineer with Node.js, Express, and PostgreSQL skills. [SEP] Hiring frontend developer with strong React and TypeScript knowledge.",0
"Frontend developer proficient in HTML, CSS, JavaScript, and Vue.js. [SEP] Hiring mobile developers skilled in cross-platform tools like Flutter.",0
"DevOps engineer skilled in AWS, Docker, and Kubernetes. [SEP] Opening for a data scientist with skills in Python, ML, and visualization tools.",0
"Software engineer familiar with Git, CI/CD pipelines, and testing frameworks. [SEP] Hiring for a software developer with strong testing and version control experience.",0
"Software engineer familiar with Git, CI/CD pipelines, and testing frameworks. [SEP] Hiring for a software developer with strong testing and version control experience.",0
"Frontend developer proficient in HTML, CSS, JavaScript, and Vue.js. [SEP] Hiring mobile developers skilled in cross-platform tools like Flutter.",0
"AI/ML engineer with NLP and deep learning experience. [SEP] DevOps role for candidates experienced in CI/CD, AWS, and Docker.",0
Cybersecurity specialist with knowledge in threat modeling and penetration testing. [SEP] Backend developer experienced in Node.js and PostgreSQL.,0
"DevOps engineer skilled in AWS, Docker, and Kubernetes. [SEP] Opening for a data scientist with skills in Python, ML, and visualization tools.",0
"Frontend developer proficient in HTML, CSS, JavaScript, and Vue.js. [SEP] Hiring mobile developers skilled in cross-platform tools like Flutter.",0
"Backend engineer with Node.js, Express, and PostgreSQL skills. [SEP] Hiring frontend developer with strong React and TypeScript knowledge.",0
"DevOps engineer skilled in AWS, Docker, and Kubernetes. [SEP] Opening for a data scientist with skills in Python, ML, and visualization tools.",0
"Backend engineer with Node.js, Express, and PostgreSQL skills. [SEP] Hiring frontend developer with strong React and TypeScript knowledge.",0
"Software engineer familiar with Git, CI/CD pipelines, and testing frameworks. [SEP] Hiring for a software developer with strong testing and version control experience.",0
"Data scientist with Python, Pandas, and machine learning background. [SEP] We need a full-stack engineer with MERN experience and API integration skills.",0
Experienced React developer with 3+ years in frontend development. [SEP] Cybersecurity analyst needed with hands-on experience in system hardening.,1
"Software engineer familiar with Git, CI/CD pipelines, and testing frameworks. [SEP] Hiring for a software developer with strong testing and version control experience.",0
Full-stack developer with experience in MERN stack. [SEP] Frontend engineer role with emphasis on responsive UI and CSS frameworks.,0
"AI/ML engineer with NLP and deep learning experience. [SEP] DevOps role for candidates experienced in CI/CD, AWS, and Docker.",0
Mobile app developer with React Native and Flutter expertise. [SEP] Machine learning engineer needed with NLP and deep learning experience.,1
Cybersecurity specialist with knowledge in threat modeling and penetration testing. [SEP] Backend developer experienced in Node.js and PostgreSQL.,0
Experienced React developer with 3+ years in frontend development. [SEP] Cybersecurity analyst needed with hands-on experience in system hardening.,1
"Frontend developer proficient in HTML, CSS, JavaScript, and Vue.js. [SEP] Hiring mobile developers skilled in cross-platform tools like Flutter.",0
"AI/ML engineer with NLP and deep learning experience. [SEP] DevOps role for candidates experienced in CI/CD, AWS, and Docker.",0
"Frontend developer proficient in HTML, CSS, JavaScript, and Vue.js. [SEP] Hiring mobile developers skilled in cross-platform tools like Flutter.",0
"Data scientist with Python, Pandas, and machine learning background. [SEP] We need a full-stack engineer with MERN experience and API integration skills.",0
"DevOps engineer skilled in AWS, Docker, and Kubernetes. [SEP] Opening for a data scientist with skills in Python, ML, and visualization tools.",0
"AI/ML engineer with NLP and deep learning experience. [SEP] DevOps role for candidates experienced in CI/CD, AWS, and Docker.",0
Full-stack developer with experience in MERN stack. [SEP] Frontend engineer role with emphasis on responsive UI and CSS frameworks.,0
"AI/ML engineer with NLP and deep learning experience. [SEP] DevOps role for candidates experienced in CI/CD, AWS, and Docker.",0
Full-stack developer with experience in MERN stack. [SEP] Frontend engineer role with emphasis on responsive UI and CSS frameworks.,0
"AI/ML engineer with NLP and deep learning experience. [SEP] DevOps role for candidates experienced in CI/CD, AWS, and Docker.",0
"Data scientist with Python, Pandas, and machine learning background. [SEP] We need a full-stack engineer with MERN experience and API integration skills.",0
"Software engineer familiar with Git, CI/CD pipelines, and testing frameworks. [SEP] Hiring for a software developer with strong testing and version control experience.",0
"Frontend developer proficient in HTML, CSS, JavaScript, and Vue.js. [SEP] Hiring mobile developers skilled in cross-platform tools like Flutter.",0
Mobile app developer with React Native and Flutter expertise. [SEP] Machine learning engineer needed with NLP and deep learning experience.,1
Full-stack developer with experience in MERN stack. [SEP] Frontend engineer role with emphasis on responsive UI and CSS frameworks.,0
"Backend engineer with Node.js, Express, and PostgreSQL skills. [SEP] Hiring frontend developer with strong React and TypeScript knowledge.",0
"Backend engineer with Node.js, Express, and PostgreSQL skills. [SEP] Hiring frontend developer with strong React and TypeScript knowledge.",0
Mobile app developer with React Native and Flutter expertise. [SEP] Machine learning engineer needed with NLP and deep learning experience.,1
Mobile app developer with React Native and Flutter expertise. [SEP] Machine learning engineer needed with NLP and deep learning experience.,1
Cybersecurity specialist with knowledge in threat modeling and penetration testing. [SEP] Backend developer experienced in Node.js and PostgreSQL.,0
"Software engineer familiar with Git, CI/CD pipelines, and testing frameworks. [SEP] Hiring for a software developer with strong testing and version control experience.",0
"DevOps engineer skilled in AWS, Docker, and Kubernetes. [SEP] Opening for a data scientist with skills in Python, ML, and visualization tools.",0
"AI/ML engineer with NLP and deep learning experience. [SEP] DevOps role for candidates experienced in CI/CD, AWS, and Docker.",0
"Software engineer familiar with Git, CI/CD pipelines, and testing frameworks. [SEP] Hiring for a software developer with strong testing and version control experience.",0
"Frontend developer proficient in HTML, CSS, JavaScript, and Vue.js. [SEP] Hiring mobile developers skilled in cross-platform tools like Flutter.",0
Mobile app developer with React Native and Flutter expertise. [SEP] Machine learning engineer needed with NLP and deep learning experience.,1
"Software engineer familiar with Git, CI/CD pipelines, and testing frameworks. [SEP] Hiring for a software developer with strong testing and version control experience.",0
"Software engineer familiar with Git, CI/CD pipelines, and testing frameworks. [SEP] Hiring for a software developer with strong testing and version control experience.",0
Cybersecurity specialist with knowledge in threat modeling and penetration testing. [SEP] Backend developer experienced in Node.js and PostgreSQL.,0
Mobile app developer with React Native and Flutter expertise. [SEP] Machine learning engineer needed with NLP and deep learning experience.,1
Experienced React developer with 3+ years in frontend development. [SEP] Cybersecurity analyst needed with hands-on experience in system hardening.,1
Full-stack developer with experience in MERN stack. [SEP] Frontend engineer role with emphasis on responsive UI and CSS frameworks.,0
"Frontend developer proficient in HTML, CSS, JavaScript, and Vue.js. [SEP] Hiring mobile developers skilled in cross-platform tools like Flutter.",0
"DevOps engineer skilled in AWS, Docker, and Kubernetes. [SEP] Opening for a data scientist with skills in Python, ML, and visualization tools.",0
Experienced React developer with 3+ years in frontend development. [SEP] Cybersecurity analyst needed with hands-on experience in system hardening.,1
Cybersecurity specialist with knowledge in threat modeling and penetration testing. [SEP] Backend developer experienced in Node.js and PostgreSQL.,0
"Backend engineer with Node.js, Express, and PostgreSQL skills. [SEP] Hiring frontend developer with strong React and TypeScript knowledge.",0
Full-stack developer with experience in MERN stack. [SEP] Frontend engineer role with emphasis on responsive UI and CSS frameworks.,0
Experienced React developer with 3+ years in frontend development. [SEP] Cybersecurity analyst needed with hands-on experience in system hardening.,1
Full-stack developer with experience in MERN stack. [SEP] Frontend engineer role with emphasis on responsive UI and CSS frameworks.,0
Experienced React developer with 3+ years in frontend development. [SEP] Cybersecurity analyst needed with hands-on experience in system hardening.,1
"DevOps engineer skilled in AWS, Docker, and Kubernetes. [SEP] Opening for a data scientist with skills in Python, ML, and visualization tools.",0
Full-stack developer with experience in MERN stack. [SEP] Frontend engineer role with emphasis on responsive UI and CSS frameworks.,0
"Software engineer familiar with Git, CI/CD pipelines, and testing frameworks. [SEP] Hiring for a software developer with strong testing and version control experience.",0
"Backend engineer with Node.js, Express, and PostgreSQL skills. [SEP] Hiring frontend developer with strong React and TypeScript knowledge.",0
Mobile app developer with React Native and Flutter expertise. [SEP] Machine learning engineer needed with NLP and deep learning experience.,1
"Frontend developer proficient in HTML, CSS, JavaScript, and Vue.js. [SEP] Hiring mobile developers skilled in cross-platform tools like Flutter.",0
Full-stack developer with experience in MERN stack. [SEP] Frontend engineer role with emphasis on responsive UI and CSS frameworks.,0
"Backend engineer with Node.js, Express, and PostgreSQL skills. [SEP] Hiring frontend developer with strong React and TypeScript knowledge.",0
"Data scientist with Python, Pandas, and machine learning background. [SEP] We need a full-stack engineer with MERN experience and API integration skills.",0
Cybersecurity specialist with knowledge in threat modeling and penetration testing. [SEP] Backend developer experienced in Node.js and PostgreSQL.,0
Mobile app developer with React Native and Flutter expertise. [SEP] Machine learning engineer needed with NLP and deep learning experience.,1
Full-stack developer with experience in MERN stack. [SEP] Frontend engineer role with emphasis on responsive UI and CSS frameworks.,0
"Data scientist with Python, Pandas, and machine learning background. [SEP] We need a full-stack engineer with MERN experience and API integration skills.",0
"Data scientist with Python, Pandas, and machine learning background. [SEP] We need a full-stack engineer with MERN experience and API integration skills.",0
"Software engineer familiar with Git, CI/CD pipelines, and testing frameworks. [SEP] Hiring for a software developer with strong testing and version control experience.",0
"Software engineer familiar with Git, CI/CD pipelines, and testing frameworks. [SEP] Hiring for a software developer with strong testing and version control experience.",0
"Frontend developer proficient in HTML, CSS, JavaScript, and Vue.js. [SEP] Hiring mobile developers skilled in cross-platform tools like Flutter.",0
Full-stack developer with experience in MERN stack. [SEP] Frontend engineer role with emphasis on responsive UI and CSS frameworks.,0
Full-stack developer with experience in MERN stack. [SEP] Frontend engineer role with emphasis on responsive UI and CSS frameworks.,0
"Frontend developer proficient in HTML, CSS, JavaScript, and Vue.js. [SEP] Hiring mobile developers skilled in cross-platform tools like Flutter.",0
Cybersecurity specialist with knowledge in threat modeling and penetration testing. [SEP] Backend developer experienced in Node.js and PostgreSQL.,0
Mobile app developer with React Native and Flutter expertise. [SEP] Machine learning engineer needed with NLP and deep learning experience.,1
Experienced React developer with 3+ years in frontend development. [SEP] Cybersecurity analyst needed with hands-on experience in system hardening.,1
Mobile app developer with React Native and Flutter expertise. [SEP] Machine learning engineer needed with NLP and deep learning experience.,1
Mobile app developer with React Native and Flutter expertise. [SEP] Machine learning engineer needed with NLP and deep learning experience.,1
"Backend engineer with Node.js, Express, and PostgreSQL skills. [SEP] Hiring frontend developer with strong React and TypeScript knowledge.",0
Cybersecurity specialist with knowledge in threat modeling and penetration testing. [SEP] Backend developer experienced in Node.js and PostgreSQL.,0
"Backend engineer with Node.js, Express, and PostgreSQL skills. [SEP] Hiring frontend developer with strong React and TypeScript knowledge.",0
Cybersecurity specialist with knowledge in threat modeling and penetration testing. [SEP] Backend developer experienced in Node.js and PostgreSQL.,0
Full-stack developer with experience in MERN stack. [SEP] Frontend engineer role with emphasis on responsive UI and CSS frameworks.,0
Experienced React developer with 3+ years in frontend development. [SEP] Cybersecurity analyst needed with hands-on experience in system hardening.,1
Cybersecurity specialist with knowledge in threat modeling and penetration testing. [SEP] Backend developer experienced in Node.js and PostgreSQL.,0
Full-stack developer with experience in MERN stack. [SEP] Frontend engineer role with emphasis on responsive UI and CSS frameworks.,0
"Frontend developer proficient in HTML, CSS, JavaScript, and Vue.js. [SEP] Hiring mobile developers skilled in cross-platform tools like Flutter.",0
Experienced React developer with 3+ years in frontend development. [SEP] Cybersecurity analyst needed with hands-on experience in system hardening.,1
"Data scientist with Python, Pandas, and machine learning background. [SEP] We need a full-stack engineer with MERN experience and API integration skills.",0
Experienced React developer with 3+ years in frontend development. [SEP] Cybersecurity analyst needed with hands-on experience in system hardening.,1
"AI/ML engineer with NLP and deep learning experience. [SEP] DevOps role for candidates experienced in CI/CD, AWS, and Docker.",0
"AI/ML engineer with NLP and deep learning experience. [SEP] DevOps role for candidates experienced in CI/CD, AWS, and Docker.",0
Cybersecurity specialist with knowledge in threat modeling and penetration testing. [SEP] Backend developer experienced in Node.js and PostgreSQL.,0
Experienced React developer with 3+ years in frontend development. [SEP] Cybersecurity analyst needed with hands-on experience in system hardening.,1
Experienced React developer with 3+ years in frontend development. [SEP] Cybersecurity analyst needed with hands-on experience in system hardening.,1
Cybersecurity specialist with knowledge in threat modeling and penetration testing. [SEP] Backend developer experienced in Node.js and PostgreSQL.,0
"AI/ML engineer with NLP and deep learning experience. [SEP] DevOps role for candidates experienced in CI/CD, AWS, and Docker.",0
Cybersecurity specialist with knowledge in threat modeling and penetration testing. [SEP] Backend developer experienced in Node.js and PostgreSQL.,0
"DevOps engineer skilled in AWS, Docker, and Kubernetes. [SEP] Opening for a data scientist with skills in Python, ML, and visualization tools.",0
Cybersecurity specialist with knowledge in threat modeling and penetration testing. [SEP] Backend developer experienced in Node.js and PostgreSQL.,0
"AI/ML engineer with NLP and deep learning experience. [SEP] DevOps role for candidates experienced in CI/CD, AWS, and Docker.",0
"AI/ML engineer with NLP and deep learning experience. [SEP] DevOps role for candidates experienced in CI/CD, AWS, and Docker.",0
"Backend engineer with Node.js, Express, and PostgreSQL skills. [SEP] Hiring frontend developer with strong React and TypeScript knowledge.",0
"AI/ML engineer with NLP and deep learning experience. [SEP] DevOps role for candidates experienced in CI/CD, AWS, and Docker.",0
Mobile app developer with React Native and Flutter expertise. [SEP] Machine learning engineer needed with NLP and deep learning experience.,1
Mobile app developer with React Native and Flutter expertise. [SEP] Machine learning engineer needed with NLP and deep learning experience.,1
"Backend engineer with Node.js, Express, and PostgreSQL skills. [SEP] Hiring frontend developer with strong React and TypeScript knowledge.",0
"Software engineer familiar with Git, CI/CD pipelines, and testing frameworks. [SEP] Hiring for a software developer with strong testing and version control experience.",0
"Frontend developer proficient in HTML, CSS, JavaScript, and Vue.js. [SEP] Hiring mobile developers skilled in cross-platform tools like Flutter.",0
Experienced React developer with 3+ years in frontend development. [SEP] Cybersecurity analyst needed with hands-on experience in system hardening.,1
Cybersecurity specialist with knowledge in threat modeling and penetration testing. [SEP] Backend developer experienced in Node.js and PostgreSQL.,0
"Backend engineer with Node.js, Express, and PostgreSQL skills. [SEP] Hiring frontend developer with strong React and TypeScript knowledge.",0
"Backend engineer with Node.js, Express, and PostgreSQL skills. [SEP] Hiring frontend developer with strong React and TypeScript knowledge.",0
"Frontend developer proficient in HTML, CSS, JavaScript, and Vue.js. [SEP] Hiring mobile developers skilled in cross-platform tools like Flutter.",0
"DevOps engineer skilled in AWS, Docker, and Kubernetes. [SEP] Opening for a data scientist with skills in Python, ML, and visualization tools.",0
Mobile app developer with React Native and Flutter expertise. [SEP] Machine learning engineer needed with NLP and deep learning experience.,1
Experienced React developer with 3+ years in frontend development. [SEP] Cybersecurity analyst needed with hands-on experience in system hardening.,1
"Software engineer familiar with Git, CI/CD pipelines, and testing frameworks. [SEP] Hiring for a software developer with strong testing and version control experience.",0
Cybersecurity specialist with knowledge in threat modeling and penetration testing. [SEP] Backend developer experienced in Node.js and PostgreSQL.,0
"AI/ML engineer with NLP and deep learning experience. [SEP] DevOps role for candidates experienced in CI/CD, AWS, and Docker.",0
Experienced React developer with 3+ years in frontend development. [SEP] Cybersecurity analyst needed with hands-on experience in system hardening.,1
Mobile app developer with React Native and Flutter expertise. [SEP] Machine learning engineer needed with NLP and deep learning experience.,1
"Software engineer familiar with Git, CI/CD pipelines, and testing frameworks. [SEP] Hiring for a software developer with strong testing and version control experience.",0
"AI/ML engineer with NLP and deep learning experience. [SEP] DevOps role for candidates experienced in CI/CD, AWS, and Docker.",0
"AI/ML engineer with NLP and deep learning experience. [SEP] DevOps role for candidates experienced in CI/CD, AWS, and Docker.",0
"Data scientist with Python, Pandas, and machine learning background. [SEP] We need a full-stack engineer with MERN experience and API integration skills.",0
"Software engineer familiar with Git, CI/CD pipelines, and testing frameworks. [SEP] Hiring for a software developer with strong testing and version control experience.",0
"Software engineer familiar with Git, CI/CD pipelines, and testing frameworks. [SEP] Hiring for a software developer with strong testing and version control experience.",0
"Software engineer familiar with Git, CI/CD pipelines, and testing frameworks. [SEP] Hiring for a software developer with strong testing and version control experience.",0
"Frontend developer proficient in HTML, CSS, JavaScript, and Vue.js. [SEP] Hiring mobile developers skilled in cross-platform tools like Flutter.",0
Mobile app developer with React Native and Flutter expertise. [SEP] Machine learning engineer needed with NLP and deep learning experience.,1
"AI/ML engineer with NLP and deep learning experience. [SEP] DevOps role for candidates experienced in CI/CD, AWS, and Docker.",0
"Frontend developer proficient in HTML, CSS, JavaScript, and Vue.js. [SEP] Hiring mobile developers skilled in cross-platform tools like Flutter.",0
Cybersecurity specialist with knowledge in threat modeling and penetration testing. [SEP] Backend developer experienced in Node.js and PostgreSQL.,0
"Data scientist with Python, Pandas, and machine learning background. [SEP] We need a full-stack engineer with MERN experience and API integration skills.",0
"Software engineer familiar with Git, CI/CD pipelines, and testing frameworks. [SEP] Hiring for a software developer with strong testing and version control experience.",0
"Software engineer familiar with Git, CI/CD pipelines, and testing frameworks. [SEP] Hiring for a software developer with strong testing and version control experience.",0
"Data scientist with Python, Pandas, and machine learning background. [SEP] We need a full-stack engineer with MERN experience and API integration skills.",0
"Frontend developer proficient in HTML, CSS, JavaScript, and Vue.js. [SEP] Hiring mobile developers skilled in cross-platform tools like Flutter.",0
"Data scientist with Python, Pandas, and machine learning background. [SEP] We need a full-stack engineer with MERN experience and API integration skills.",0
"AI/ML engineer with NLP and deep learning experience. [SEP] DevOps role for candidates experienced in CI/CD, AWS, and Docker.",0
Full-stack developer with experience in MERN stack. [SEP] Frontend engineer role with emphasis on responsive UI and CSS frameworks.,0
Mobile app developer with React Native and Flutter expertise. [SEP] Machine learning engineer needed with NLP and deep learning experience.,1
"DevOps engineer skilled in AWS, Docker, and Kubernetes. [SEP] Opening for a data scientist with skills in Python, ML, and visualization tools.",0
"AI/ML engineer with NLP and deep learning experience. [SEP] DevOps role for candidates experienced in CI/CD, AWS, and Docker.",0
Full-stack developer with experience in MERN stack. [SEP] Frontend engineer role with emphasis on responsive UI and CSS frameworks.,0
Experienced React developer with 3+ years in frontend development. [SEP] Cybersecurity analyst needed with hands-on experience in system hardening.,1
Full-stack developer with experience in MERN stack. [SEP] Frontend engineer role with emphasis on responsive UI and CSS frameworks.,0
"Data scientist with Python, Pandas, and machine learning background. [SEP] We need a full-stack engineer with MERN experience and API integration skills.",0
"Frontend developer proficient in HTML, CSS, JavaScript, and Vue.js. [SEP] Hiring mobile developers skilled in cross-platform tools like Flutter.",0
Mobile app developer with React Native and Flutter expertise. [SEP] Machine learning engineer needed with NLP and deep learning experience.,1
Cybersecurity specialist with knowledge in threat modeling and penetration testing. [SEP] Backend developer experienced in Node.js and PostgreSQL.,0
Cybersecurity specialist with knowledge in threat modeling and penetration testing. [SEP] Backend developer experienced in Node.js and PostgreSQL.,0
"Backend engineer with Node.js, Express, and PostgreSQL skills. [SEP] Hiring frontend developer with strong React and TypeScript knowledge.",0
Cybersecurity specialist with knowledge in threat modeling and penetration testing. [SEP] Backend developer experienced in Node.js and PostgreSQL.,0
Experienced React developer with 3+ years in frontend development. [SEP] Cybersecurity analyst needed with hands-on experience in system hardening.,1
"AI/ML engineer with NLP and deep learning experience. [SEP] DevOps role for candidates experienced in CI/CD, AWS, and Docker.",0
"DevOps engineer skilled in AWS, Docker, and Kubernetes. [SEP] Opening for a data scientist with skills in Python, ML, and visualization tools.",0
Full-stack developer with experience in MERN stack. [SEP] Frontend engineer role with emphasis on responsive UI and CSS frameworks.,0
Experienced React developer with 3+ years in frontend development. [SEP] Cybersecurity analyst needed with hands-on experience in system hardening.,1
"AI/ML engineer with NLP and deep learning experience. [SEP] DevOps role for candidates experienced in CI/CD, AWS, and Docker.",0
"Backend engineer with Node.js, Express, and PostgreSQL skills. [SEP] Hiring frontend developer with strong React and TypeScript knowledge.",0
"Data scientist with Python, Pandas, and machine learning background. [SEP] We need a full-stack engineer with MERN experience and API integration skills.",0
Cybersecurity specialist with knowledge in threat modeling and penetration testing. [SEP] Backend developer experienced in Node.js and PostgreSQL.,0
"Software engineer familiar with Git, CI/CD pipelines, and testing frameworks. [SEP] Hiring for a software developer with strong testing and version control experience.",0
"Data scientist with Python, Pandas, and machine learning background. [SEP] We need a full-stack engineer with MERN experience and API integration skills.",0
"Software engineer familiar with Git, CI/CD pipelines, and testing frameworks. [SEP] Hiring for a software developer with strong testing and version control experience.",0
"DevOps engineer skilled in AWS, Docker, and Kubernetes. [SEP] Opening for a data scientist with skills in Python, ML, and visualization tools.",0
"Data scientist with Python, Pandas, and machine learning background. [SEP] We need a full-stack engineer with MERN experience and API integration skills.",0
"Frontend developer proficient in HTML, CSS, JavaScript, and Vue.js. [SEP] Hiring mobile developers skilled in cross-platform tools like Flutter.",0
"DevOps engineer skilled in AWS, Docker, and Kubernetes. [SEP] Opening for a data scientist with skills in Python, ML, and visualization tools.",0
Experienced React developer with 3+ years in frontend development. [SEP] Cybersecurity analyst needed with hands-on experience in system hardening.,1
"AI/ML engineer with NLP and deep learning experience. [SEP] DevOps role for candidates experienced in CI/CD, AWS, and Docker.",0
"Software engineer familiar with Git, CI/CD pipelines, and testing frameworks. [SEP] Hiring for a software developer with strong testing and version control experience.",0
Mobile app developer with React Native and Flutter expertise. [SEP] Machine learning engineer needed with NLP and deep learning experience.,1
"Data scientist with Python, Pandas, and machine learning background. [SEP] We need a full-stack engineer with MERN experience and API integration skills.",0
Full-stack developer with experience in MERN stack. [SEP] Frontend engineer role with emphasis on responsive UI and CSS frameworks.,0
"Backend engineer with Node.js, Express, and PostgreSQL skills. [SEP] Hiring frontend developer with strong React and TypeScript knowledge.",0
Cybersecurity specialist with knowledge in threat modeling and penetration testing. [SEP] Backend developer experienced in Node.js and PostgreSQL.,0
Experienced React developer with 3+ years in frontend development. [SEP] Cybersecurity analyst needed with hands-on experience in system hardening.,1
"Data scientist with Python, Pandas, and machine learning background. [SEP] We need a full-stack engineer with MERN experience and API integration skills.",0
"Software engineer familiar with Git, CI/CD pipelines, and testing frameworks. [SEP] Hiring for a software developer with strong testing and version control experience.",0
"Software engineer familiar with Git, CI/CD pipelines, and testing frameworks. [SEP] Hiring for a software developer with strong testing and version control experience.",0
Full-stack developer with experience in MERN stack. [SEP] Frontend engineer role with emphasis on responsive UI and CSS frameworks.,0
"DevOps engineer skilled in AWS, Docker, and Kubernetes. [SEP] Opening for a data scientist with skills in Python, ML, and visualization tools.",0
"Software engineer familiar with Git, CI/CD pipelines, and testing frameworks. [SEP] Hiring for a software developer with strong testing and version control experience.",0
"Backend engineer with Node.js, Express, and PostgreSQL skills. [SEP] Hiring frontend developer with strong React and TypeScript knowledge.",0
Full-stack developer with experience in MERN stack. [SEP] Frontend engineer role with emphasis on responsive UI and CSS frameworks.,0
"Frontend developer proficient in HTML, CSS, JavaScript, and Vue.js. [SEP] Hiring mobile developers skilled in cross-platform tools like Flutter.",0
"Data scientist with Python, Pandas, and machine learning background. [SEP] We need a full-stack engineer with MERN experience and API integration skills.",0
Experienced React developer with 3+ years in frontend development. [SEP] Cybersecurity analyst needed with hands-on experience in system hardening.,1
"Backend engineer with Node.js, Express, and PostgreSQL skills. [SEP] Hiring frontend developer with strong React and TypeScript knowledge.",0
Full-stack developer with experience in MERN stack. [SEP] Frontend engineer role with emphasis on responsive UI and CSS frameworks.,0
"Frontend developer proficient in HTML, CSS, JavaScript, and Vue.js. [SEP] Hiring mobile developers skilled in cross-platform tools like Flutter.",0
Full-stack developer with experience in MERN stack. [SEP] Frontend engineer role with emphasis on responsive UI and CSS frameworks.,0
"Data scientist with Python, Pandas, and machine learning background. [SEP] We need a full-stack engineer with MERN experience and API integration skills.",0
"AI/ML engineer with NLP and deep learning experience. [SEP] DevOps role for candidates experienced in CI/CD, AWS, and Docker.",0
"Frontend developer proficient in HTML, CSS, JavaScript, and Vue.js. [SEP] Hiring mobile developers skilled in cross-platform tools like Flutter.",0
Cybersecurity specialist with knowledge in threat modeling and penetration testing. [SEP] Backend developer experienced in Node.js and PostgreSQL.,0
"Data scientist with Python, Pandas, and machine learning background. [SEP] We need a full-stack engineer with MERN experience and API integration skills.",0
Full-stack developer with experience in MERN stack. [SEP] Frontend engineer role with emphasis on responsive UI and CSS frameworks.,0
Mobile app developer with React Native and Flutter expertise. [SEP] Machine learning engineer needed with NLP and deep learning experience.,1
"Backend engineer with Node.js, Express, and PostgreSQL skills. [SEP] Hiring frontend developer with strong React and TypeScript knowledge.",0
"Data scientist with Python, Pandas, and machine learning background. [SEP] We need a full-stack engineer with MERN experience and API integration skills.",0
Mobile app developer with React Native and Flutter expertise. [SEP] Machine learning engineer needed with NLP and deep learning experience.,1
"Data scientist with Python, Pandas, and machine learning background. [SEP] We need a full-stack engineer with MERN experience and API integration skills.",0
"DevOps engineer skilled in AWS, Docker, and Kubernetes. [SEP] Opening for a data scientist with skills in Python, ML, and visualization tools.",0
Full-stack developer with experience in MERN stack. [SEP] Frontend engineer role with emphasis on responsive UI and CSS frameworks.,0
"DevOps engineer skilled in AWS, Docker, and Kubernetes. [SEP] Opening for a data scientist with skills in Python, ML, and visualization tools.",0
"Backend engineer with Node.js, Express, and PostgreSQL skills. [SEP] Hiring frontend developer with strong React and TypeScript knowledge.",0
Experienced React developer with 3+ years in frontend development. [SEP] Cybersecurity analyst needed with hands-on experience in system hardening.,1
Mobile app developer with React Native and Flutter expertise. [SEP] Machine learning engineer needed with NLP and deep learning experience.,1
Mobile app developer with React Native and Flutter expertise. [SEP] Machine learning engineer needed with NLP and deep learning experience.,1
"DevOps engineer skilled in AWS, Docker, and Kubernetes. [SEP] Opening for a data scientist with skills in Python, ML, and visualization tools.",0
Mobile app developer with React Native and Flutter expertise. [SEP] Machine learning engineer needed with NLP and deep learning experience.,1
"DevOps engineer skilled in AWS, Docker, and Kubernetes. [SEP] Opening for a data scientist with skills in Python, ML, and visualization tools.",0
"AI/ML engineer with NLP and deep learning experience. [SEP] DevOps role for candidates experienced in CI/CD, AWS, and Docker.",0
"Data scientist with Python, Pandas, and machine learning background. [SEP] We need a full-stack engineer with MERN experience and API integration skills.",0
Experienced React developer with 3+ years in frontend development. [SEP] Cybersecurity analyst needed with hands-on experience in system hardening.,1
"Data scientist with Python, Pandas, and machine learning background. [SEP] We need a full-stack engineer with MERN experience and API integration skills.",0
Experienced React developer with 3+ years in frontend development. [SEP] Cybersecurity analyst needed with hands-on experience in system hardening.,1
"AI/ML engineer with NLP and deep learning experience. [SEP] DevOps role for candidates experienced in CI/CD, AWS, and Docker.",0
Mobile app developer with React Native and Flutter expertise. [SEP] Machine learning engineer needed with NLP and deep learning experience.,1
"Backend engineer with Node.js, Express, and PostgreSQL skills. [SEP] Hiring frontend developer with strong React and TypeScript knowledge.",0
"AI/ML engineer with NLP and deep learning experience. [SEP] DevOps role for candidates experienced in CI/CD, AWS, and Docker.",0
Cybersecurity specialist with knowledge in threat modeling and penetration testing. [SEP] Backend developer experienced in Node.js and PostgreSQL.,0
"Frontend developer proficient in HTML, CSS, JavaScript, and Vue.js. [SEP] Hiring mobile developers skilled in cross-platform tools like Flutter.",0
"DevOps engineer skilled in AWS, Docker, and Kubernetes. [SEP] Opening for a data scientist with skills in Python, ML, and visualization tools.",0
Mobile app developer with React Native and Flutter expertise. [SEP] Machine learning engineer needed with NLP and deep learning experience.,1
"Data scientist with Python, Pandas, and machine learning background. [SEP] We need a full-stack engineer with MERN experience and API integration skills.",0
Full-stack developer with experience in MERN stack. [SEP] Frontend engineer role with emphasis on responsive UI and CSS frameworks.,0
"DevOps engineer skilled in AWS, Docker, and Kubernetes. [SEP] Opening for a data scientist with skills in Python, ML, and visualization tools.",0
"Software engineer familiar with Git, CI/CD pipelines, and testing frameworks. [SEP] Hiring for a software developer with strong testing and version control experience.",0
"Data scientist with Python, Pandas, and machine learning background. [SEP] We need a full-stack engineer with MERN experience and API integration skills.",0
"Software engineer familiar with Git, CI/CD pipelines, and testing frameworks. [SEP] Hiring for a software developer with strong testing and version control experience.",0
"Software engineer familiar with Git, CI/CD pipelines, and testing frameworks. [SEP] Hiring for a software developer with strong testing and version control experience.",0
"Backend engineer with Node.js, Express, and PostgreSQL skills. [SEP] Hiring frontend developer with strong React and TypeScript knowledge.",0
"AI/ML engineer with NLP and deep learning experience. [SEP] DevOps role for candidates experienced in CI/CD, AWS, and Docker.",0
"Software engineer familiar with Git, CI/CD pipelines, and testing frameworks. [SEP] Hiring for a software developer with strong testing and version control experience.",0
Experienced React developer with 3+ years in frontend development. [SEP] Cybersecurity analyst needed with hands-on experience in system hardening.,1
"Backend engineer with Node.js, Express, and PostgreSQL skills. [SEP] Hiring frontend developer with strong React and TypeScript knowledge.",0
"Backend engineer with Node.js, Express, and PostgreSQL skills. [SEP] Hiring frontend developer with strong React and TypeScript knowledge.",0
Mobile app developer with React Native and Flutter expertise. [SEP] Machine learning engineer needed with NLP and deep learning experience.,1
"Data scientist with Python, Pandas, and machine learning background. [SEP] We need a full-stack engineer with MERN experience and API integration skills.",0
Full-stack developer with experience in MERN stack. [SEP] Frontend engineer role with emphasis on responsive UI and CSS frameworks.,0
Mobile app developer with React Native and Flutter expertise. [SEP] Machine learning engineer needed with NLP and deep learning experience.,1
"Data scientist with Python, Pandas, and machine learning background. [SEP] We need a full-stack engineer with MERN experience and API integration skills.",0
Full-stack developer with experience in MERN stack. [SEP] Frontend engineer role with emphasis on responsive UI and CSS frameworks.,0
Mobile app developer with React Native and Flutter expertise. [SEP] Machine learning engineer needed with NLP and deep learning experience.,1
"AI/ML engineer with NLP and deep learning experience. [SEP] DevOps role for candidates experienced in CI/CD, AWS, and Docker.",0
Mobile app developer with React Native and Flutter expertise. [SEP] Machine learning engineer needed with NLP and deep learning experience.,1
"AI/ML engineer with NLP and deep learning experience. [SEP] DevOps role for candidates experienced in CI/CD, AWS, and Docker.",0
"Frontend developer proficient in HTML, CSS, JavaScript, and Vue.js. [SEP] Hiring mobile developers skilled in cross-platform tools like Flutter.",0
Experienced React developer with 3+ years in frontend development. [SEP] Cybersecurity analyst needed with hands-on experience in system hardening.,1
"Backend engineer with Node.js, Express, and PostgreSQL skills. [SEP] Hiring frontend developer with strong React and TypeScript knowledge.",0
Experienced React developer with 3+ years in frontend development. [SEP] Cybersecurity analyst needed with hands-on experience in system hardening.,1
"AI/ML engineer with NLP and deep learning experience. [SEP] DevOps role for candidates experienced in CI/CD, AWS, and Docker.",0
"Backend engineer with Node.js, Express, and PostgreSQL skills. [SEP] Hiring frontend developer with strong React and TypeScript knowledge.",0
Cybersecurity specialist with knowledge in threat modeling and penetration testing. [SEP] Backend developer experienced in Node.js and PostgreSQL.,0
Mobile app developer with React Native and Flutter expertise. [SEP] Machine learning engineer needed with NLP and deep learning experience.,1
"Frontend developer proficient in HTML, CSS, JavaScript, and Vue.js. [SEP] Hiring mobile developers skilled in cross-platform tools like Flutter.",0
"AI/ML engineer with NLP and deep learning experience. [SEP] DevOps role for candidates experienced in CI/CD, AWS, and Docker.",0
Cybersecurity specialist with knowledge in threat modeling and penetration testing. [SEP] Backend developer experienced in Node.js and PostgreSQL.,0
Experienced React developer with 3+ years in frontend development. [SEP] Cybersecurity analyst needed with hands-on experience in system hardening.,1
"Backend engineer with Node.js, Express, and PostgreSQL skills. [SEP] Hiring frontend developer with strong React and TypeScript knowledge.",0
"Software engineer familiar with Git, CI/CD pipelines, and testing frameworks. [SEP] Hiring for a software developer with strong testing and version control experience.",0
"AI/ML engineer with NLP and deep learning experience. [SEP] DevOps role for candidates experienced in CI/CD, AWS, and Docker.",0
"Software engineer familiar with Git, CI/CD pipelines, and testing frameworks. [SEP] Hiring for a software developer with strong testing and version control experience.",0
"Data scientist with Python, Pandas, and machine learning background. [SEP] We need a full-stack engineer with MERN experience and API integration skills.",0
Full-stack developer with experience in MERN stack. [SEP] Frontend engineer role with emphasis on responsive UI and CSS frameworks.,0
"Software engineer familiar with Git, CI/CD pipelines, and testing frameworks. [SEP] Hiring for a software developer with strong testing and version control experience.",0
"DevOps engineer skilled in AWS, Docker, and Kubernetes. [SEP] Opening for a data scientist with skills in Python, ML, and visualization tools.",0
Mobile app developer with React Native and Flutter expertise. [SEP] Machine learning engineer needed with NLP and deep learning experience.,1
"AI/ML engineer with NLP and deep learning experience. [SEP] DevOps role for candidates experienced in CI/CD, AWS, and Docker.",0
"Frontend developer proficient in HTML, CSS, JavaScript, and Vue.js. [SEP] Hiring mobile developers skilled in cross-platform tools like Flutter.",0
"Backend engineer with Node.js, Express, and PostgreSQL skills. [SEP] Hiring frontend developer with strong React and TypeScript knowledge.",0
Cybersecurity specialist with knowledge in threat modeling and penetration testing. [SEP] Backend developer experienced in Node.js and PostgreSQL.,0
"DevOps engineer skilled in AWS, Docker, and Kubernetes. [SEP] Opening for a data scientist with skills in Python, ML, and visualization tools.",0
"DevOps engineer skilled in AWS, Docker, and Kubernetes. [SEP] Opening for a data scientist with skills in Python, ML, and visualization tools.",0
"Frontend developer proficient in HTML, CSS, JavaScript, and Vue.js. [SEP] Hiring mobile developers skilled in cross-platform tools like Flutter.",0
"Software engineer familiar with Git, CI/CD pipelines, and testing frameworks. [SEP] Hiring for a software developer with strong testing and version control experience.",0
"DevOps engineer skilled in AWS, Docker, and Kubernetes. [SEP] Opening for a data scientist with skills in Python, ML, and visualization tools.",0
"Backend engineer with Node.js, Express, and PostgreSQL skills. [SEP] Hiring frontend developer with strong React and TypeScript knowledge.",0
Cybersecurity specialist with knowledge in threat modeling and penetration testing. [SEP] Backend developer experienced in Node.js and PostgreSQL.,0
Cybersecurity specialist with knowledge in threat modeling and penetration testing. [SEP] Backend developer experienced in Node.js and PostgreSQL.,0
Full-stack developer with experience in MERN stack. [SEP] Frontend engineer role with emphasis on responsive UI and CSS frameworks.,0
"Frontend developer proficient in HTML, CSS, JavaScript, and Vue.js. [SEP] Hiring mobile developers skilled in cross-platform tools like Flutter.",0
Cybersecurity specialist with knowledge in threat modeling and penetration testing. [SEP] Backend developer experienced in Node.js and PostgreSQL.,0
"DevOps engineer skilled in AWS, Docker, and Kubernetes. [SEP] Opening for a data scientist with skills in Python, ML, and visualization tools.",0
"DevOps engineer skilled in AWS, Docker, and Kubernetes. [SEP] Opening for a data scientist with skills in Python, ML, and visualization tools.",0
"Data scientist with Python, Pandas, and machine learning background. [SEP] We need a full-stack engineer with MERN experience and API integration skills.",0
Cybersecurity specialist with knowledge in threat modeling and penetration testing. [SEP] Backend developer experienced in Node.js and PostgreSQL.,0
Cybersecurity specialist with knowledge in threat modeling and penetration testing. [SEP] Backend developer experienced in Node.js and PostgreSQL.,0
"Backend engineer with Node.js, Express, and PostgreSQL skills. [SEP] Hiring frontend developer with strong React and TypeScript knowledge.",0
Full-stack developer with experience in MERN stack. [SEP] Frontend engineer role with emphasis on responsive UI and CSS frameworks.,0
Experienced React developer with 3+ years in frontend development. [SEP] Cybersecurity analyst needed with hands-on experience in system hardening.,1
"Frontend developer proficient in HTML, CSS, JavaScript, and Vue.js. [SEP] Hiring mobile developers skilled in cross-platform tools like Flutter.",0
"Software engineer familiar with Git, CI/CD pipelines, and testing frameworks. [SEP] Hiring for a software developer with strong testing and version control experience.",0
"AI/ML engineer with NLP and deep learning experience. [SEP] DevOps role for candidates experienced in CI/CD, AWS, and Docker.",0
"DevOps engineer skilled in AWS, Docker, and Kubernetes. [SEP] Opening for a data scientist with skills in Python, ML, and visualization tools.",0
Cybersecurity specialist with knowledge in threat modeling and penetration testing. [SEP] Backend developer experienced in Node.js and PostgreSQL.,0
"Frontend developer proficient in HTML, CSS, JavaScript, and Vue.js. [SEP] Hiring mobile developers skilled in cross-platform tools like Flutter.",0
"Data scientist with Python, Pandas, and machine learning background. [SEP] We need a full-stack engineer with MERN experience and API integration skills.",0
Full-stack developer with experience in MERN stack. [SEP] Frontend engineer role with emphasis on responsive UI and CSS frameworks.,0
Experienced React developer with 3+ years in frontend development. [SEP] Cybersecurity analyst needed with hands-on experience in system hardening.,1
"DevOps engineer skilled in AWS, Docker, and Kubernetes. [SEP] Opening for a data scientist with skills in Python, ML, and visualization tools.",0
"Frontend developer proficient in HTML, CSS, JavaScript, and Vue.js. [SEP] Hiring mobile developers skilled in cross-platform tools like Flutter.",0
Full-stack developer with experience in MERN stack. [SEP] Frontend engineer role with emphasis on responsive UI and CSS frameworks.,0
Mobile app developer with React Native and Flutter expertise. [SEP] Machine learning engineer needed with NLP and deep learning experience.,1
"Software engineer familiar with Git, CI/CD pipelines, and testing frameworks. [SEP] Hiring for a software developer with strong testing and version control experience.",0
"Frontend developer proficient in HTML, CSS, JavaScript, and Vue.js. [SEP] Hiring mobile developers skilled in cross-platform tools like Flutter.",0
"AI/ML engineer with NLP and deep learning experience. [SEP] DevOps role for candidates experienced in CI/CD, AWS, and Docker.",0
Mobile app developer with React Native and Flutter expertise. [SEP] Machine learning engineer needed with NLP and deep learning experience.,1
"Data scientist with Python, Pandas, and machine learning background. [SEP] We need a full-stack engineer with MERN experience and API integration skills.",0
Experienced React developer with 3+ years in frontend development. [SEP] Cybersecurity analyst needed with hands-on experience in system hardening.,1
"AI/ML engineer with NLP and deep learning experience. [SEP] DevOps role for candidates experienced in CI/CD, AWS, and Docker.",0
"Backend engineer with Node.js, Express, and PostgreSQL skills. [SEP] Hiring frontend developer with strong React and TypeScript knowledge.",0
Cybersecurity specialist with knowledge in threat modeling and penetration testing. [SEP] Backend developer experienced in Node.js and PostgreSQL.,0
"Frontend developer proficient in HTML, CSS, JavaScript, and Vue.js. [SEP] Hiring mobile developers skilled in cross-platform tools like Flutter.",0
Experienced React developer with 3+ years in frontend development. [SEP] Cybersecurity analyst needed with hands-on experience in system hardening.,1
"Frontend developer proficient in HTML, CSS, JavaScript, and Vue.js. [SEP] Hiring mobile developers skilled in cross-platform tools like Flutter.",0
"Backend engineer with Node.js, Express, and PostgreSQL skills. [SEP] Hiring frontend developer with strong React and TypeScript knowledge.",0
"AI/ML engineer with NLP and deep learning experience. [SEP] DevOps role for candidates experienced in CI/CD, AWS, and Docker.",0
Experienced React developer with 3+ years in frontend development. [SEP] Cybersecurity analyst needed with hands-on experience in system hardening.,1
Full-stack developer with experience in MERN stack. [SEP] Frontend engineer role with emphasis on responsive UI and CSS frameworks.,0
Cybersecurity specialist with knowledge in threat modeling and penetration testing. [SEP] Backend developer experienced in Node.js and PostgreSQL.,0
"AI/ML engineer with NLP and deep learning experience. [SEP] DevOps role for candidates experienced in CI/CD, AWS, and Docker.",0
"Software engineer familiar with Git, CI/CD pipelines, and testing frameworks. [SEP] Hiring for a software developer with strong testing and version control experience.",0
Cybersecurity specialist with knowledge in threat modeling and penetration testing. [SEP] Backend developer experienced in Node.js and PostgreSQL.,0
Mobile app developer with React Native and Flutter expertise. [SEP] Machine learning engineer needed with NLP and deep learning experience.,1
Mobile app developer with React Native and Flutter expertise. [SEP] Machine learning engineer needed with NLP and deep learning experience.,1
Experienced React developer with 3+ years in frontend development. [SEP] Cybersecurity analyst needed with hands-on experience in system hardening.,1
Full-stack developer with experience in MERN stack. [SEP] Frontend engineer role with emphasis on responsive UI and CSS frameworks.,0
"Data scientist with Python, Pandas, and machine learning background. [SEP] We need a full-stack engineer with MERN experience and API integration skills.",0
"DevOps engineer skilled in AWS, Docker, and Kubernetes. [SEP] Opening for a data scientist with skills in Python, ML, and visualization tools.",0
"Frontend developer proficient in HTML, CSS, JavaScript, and Vue.js. [SEP] Hiring mobile developers skilled in cross-platform tools like Flutter.",0
Cybersecurity specialist with knowledge in threat modeling and penetration testing. [SEP] Backend developer experienced in Node.js and PostgreSQL.,0
"Backend engineer with Node.js, Express, and PostgreSQL skills. [SEP] Hiring frontend developer with strong React and TypeScript knowledge.",0
"AI/ML engineer with NLP and deep learning experience. [SEP] DevOps role for candidates experienced in CI/CD, AWS, and Docker.",0
"Frontend developer proficient in HTML, CSS, JavaScript, and Vue.js. [SEP] Hiring mobile developers skilled in cross-platform tools like Flutter.",0
"DevOps engineer skilled in AWS, Docker, and Kubernetes. [SEP] Opening for a data scientist with skills in Python, ML, and visualization tools.",0
Full-stack developer with experience in MERN stack. [SEP] Frontend engineer role with emphasis on responsive UI and CSS frameworks.,0
"Frontend developer proficient in HTML, CSS, JavaScript, and Vue.js. [SEP] Hiring mobile developers skilled in cross-platform tools like Flutter.",0
"Frontend developer proficient in HTML, CSS, JavaScript, and Vue.js. [SEP] Hiring mobile developers skilled in cross-platform tools like Flutter.",0
"Frontend developer proficient in HTML, CSS, JavaScript, and Vue.js. [SEP] Hiring mobile developers skilled in cross-platform tools like Flutter.",0
"Software engineer familiar with Git, CI/CD pipelines, and testing frameworks. [SEP] Hiring for a software developer with strong testing and version control experience.",0
Mobile app developer with React Native and Flutter expertise. [SEP] Machine learning engineer needed with NLP and deep learning experience.,1
Cybersecurity specialist with knowledge in threat modeling and penetration testing. [SEP] Backend developer experienced in Node.js and PostgreSQL.,0
"Backend engineer with Node.js, Express, and PostgreSQL skills. [SEP] Hiring frontend developer with strong React and TypeScript knowledge.",0
"DevOps engineer skilled in AWS, Docker, and Kubernetes. [SEP] Opening for a data scientist with skills in Python, ML, and visualization tools.",0
Cybersecurity specialist with knowledge in threat modeling and penetration testing. [SEP] Backend developer experienced in Node.js and PostgreSQL.,0
Cybersecurity specialist with knowledge in threat modeling and penetration testing. [SEP] Backend developer experienced in Node.js and PostgreSQL.,0
"Data scientist with Python, Pandas, and machine learning background. [SEP] We need a full-stack engineer with MERN experience and API integration skills.",0
"Software engineer familiar with Git, CI/CD pipelines, and testing frameworks. [SEP] Hiring for a software developer with strong testing and version control experience.",0
Mobile app developer with React Native and Flutter expertise. [SEP] Machine learning engineer needed with NLP and deep learning experience.,1
"Backend engineer with Node.js, Express, and PostgreSQL skills. [SEP] Hiring frontend developer with strong React and TypeScript knowledge.",0
Experienced React developer with 3+ years in frontend development. [SEP] Cybersecurity analyst needed with hands-on experience in system hardening.,1
"AI/ML engineer with NLP and deep learning experience. [SEP] DevOps role for candidates experienced in CI/CD, AWS, and Docker.",0
"DevOps engineer skilled in AWS, Docker, and Kubernetes. [SEP] Opening for a data scientist with skills in Python, ML, and visualization tools.",0
Cybersecurity specialist with knowledge in threat modeling and penetration testing. [SEP] Backend developer experienced in Node.js and PostgreSQL.,0
"Backend engineer with Node.js, Express, and PostgreSQL skills. [SEP] Hiring frontend developer with strong React and TypeScript knowledge.",0
Mobile app developer with React Native and Flutter expertise. [SEP] Machine learning engineer needed with NLP and deep learning experience.,1
"DevOps engineer skilled in AWS, Docker, and Kubernetes. [SEP] Opening for a data scientist with skills in Python, ML, and visualization tools.",0
"AI/ML engineer with NLP and deep learning experience. [SEP] DevOps role for candidates experienced in CI/CD, AWS, and Docker.",0
"Backend engineer with Node.js, Express, and PostgreSQL skills. [SEP] Hiring frontend developer with strong React and TypeScript knowledge.",0
Mobile app developer with React Native and Flutter expertise. [SEP] Machine learning engineer needed with NLP and deep learning experience.,1
Full-stack developer with experience in MERN stack. [SEP] Frontend engineer role with emphasis on responsive UI and CSS frameworks.,0
"Data scientist with Python, Pandas, and machine learning background. [SEP] We need a full-stack engineer with MERN experience and API integration skills.",0
